{
  "total_events": 100,
  "transformer_analysis_time": 0.34396886825561523,
  "audio_oracle_training_time": 4.570390701293945,
  "total_training_time": 10.254542112350464,
  "enhancement_applied": true,
  "transformer_insights": {
    "chord_progression": [
      "C",
      "C",
      "C",
      "C",
      "C",
      "C",
      "C",
      "C",
      "C",
      "C",
      "C",
      "C",
      "C",
      "C",
      "C",
      "C",
      "C",
      "C",
      "C",
      "C",
      "C",
      "C",
      "C",
      "C",
      "C",
      "C",
      "C",
      "C",
      "C",
      "C",
      "C",
      "C",
      "C",
      "C",
      "C",
      "C",
      "C",
      "C",
      "C",
      "C",
      "C",
      "C",
      "C",
      "C",
      "C",
      "C",
      "C",
      "C",
      "C",
      "C",
      "C",
      "C",
      "C",
      "C",
      "C",
      "C",
      "C",
      "C",
      "C",
      "C",
      "C",
      "C",
      "C",
      "C",
      "C",
      "C",
      "C",
      "C",
      "C",
      "C",
      "C",
      "C",
      "C",
      "C",
      "C",
      "C",
      "C",
      "C",
      "C",
      "C",
      "C",
      "C",
      "C",
      "C",
      "C",
      "C",
      "C",
      "C",
      "C",
      "C",
      "C",
      "C",
      "C",
      "C",
      "C",
      "C",
      "C",
      "C",
      "C",
      "C"
    ],
    "scale_analysis": {
      "C_major": 0.02358773909509182,
      "C_minor": 0.12208638340234756,
      "C#_major": 0.03570510447025299,
      "C#_minor": 0.008819623850286007,
      "D_major": 0.03252546489238739,
      "D_minor": 0.06607609242200851,
      "D#_major": 0.027237553149461746,
      "D#_minor": 0.05776258558034897,
      "E_major": 0.01708386465907097,
      "E_minor": 0.012394560500979424,
      "F_major": 0.06882194429636002,
      "F_minor": 0.025558672845363617,
      "F#_major": 0.021876834332942963,
      "F#_minor": 0.014917860738933086,
      "G_major": 0.013908148743212223,
      "G_minor": 0.1137939989566803,
      "G#_major": 0.034744761884212494,
      "G#_minor": 0.012641441076993942,
      "A_major": 0.0287033598870039,
      "A_minor": 0.03309749811887741,
      "A#_major": 0.06379630416631699,
      "A#_minor": 0.07304251194000244,
      "B_major": 0.032499585300683975,
      "B_minor": 0.05931813269853592
    },
    "musical_form": {
      "verse": 0.2189023792743683,
      "chorus": 0.031915877014398575,
      "bridge": 0.06064186245203018,
      "intro": 0.037180133163928986,
      "outro": 0.3208925127983093,
      "solo": 0.028963729739189148,
      "break": 0.1844286024570465,
      "coda": 0.1170748695731163
    },
    "harmonic_rhythm": [
      0.741570770740509,
      0.6609607934951782,
      0.7290000319480896,
      0.6947894096374512,
      0.7846906185150146,
      0.7870417833328247,
      0.7372944951057434,
      0.7064535617828369,
      0.16769932210445404,
      0.5930833220481873,
      0.062285419553518295,
      0.15121471881866455,
      0.4847108721733093,
      0.7726046442985535,
      0.7560781240463257,
      0.7766126990318298,
      0.6952654123306274,
      0.7085702419281006,
      0.7379425764083862,
      0.7686245441436768,
      0.7150722742080688,
      0.7667556405067444,
      0.6822998523712158,
      0.7022010087966919,
      0.7031236886978149,
      0.6936038732528687,
      0.6711196303367615,
      0.7289512157440186,
      0.5182139873504639,
      0.6785067915916443,
      0.6186667680740356,
      0.6647504568099976,
      0.4783742427825928,
      0.5455148220062256,
      0.6555814743041992,
      0.677802562713623,
      0.7009316682815552,
      0.49082958698272705,
      0.6914040446281433,
      0.7681642770767212,
      0.7391053438186646,
      0.7115167379379272,
      0.803383469581604,
      0.8091188669204712,
      0.7085869312286377,
      0.7092181444168091,
      0.7753710746765137,
      0.7097110748291016,
      0.8244955539703369,
      0.6963657140731812,
      0.6952720880508423,
      0.6995211839675903,
      0.6680498123168945,
      0.665424644947052,
      0.5588958263397217,
      0.5854253172874451,
      0.5972352623939514,
      0.5981297492980957,
      0.39133220911026,
      0.5922348499298096,
      0.44958245754241943,
      0.5822518467903137,
      0.4371057152748108,
      0.32430124282836914,
      0.5755857229232788,
      0.6169390082359314,
      0.6261270046234131,
      0.8055320978164673,
      0.6975608468055725,
      0.7479954361915588,
      0.7744767069816589,
      0.6704749464988708,
      0.6974155902862549,
      0.7193745970726013,
      0.7143915891647339,
      0.7899821996688843,
      0.7770465612411499,
      0.7261272668838501,
      0.7183825969696045,
      0.7413105368614197,
      0.6834306716918945,
      0.7319462299346924,
      0.6291635036468506,
      0.6406278014183044,
      0.6922699213027954,
      0.6647583842277527,
      0.6685755252838135,
      0.6052330136299133,
      0.5295933485031128,
      0.4037861227989197,
      0.4328537583351135,
      0.6975411176681519,
      0.6550379991531372,
      0.5692708492279053,
      0.3762560486793518,
      0.5773264169692993,
      0.766247034072876,
      0.691087543964386,
      0.7734295129776001,
      0.7466632127761841
    ],