{
  "patterns": [
    {
      "pattern_id": "pattern_0",
      "duration_pattern": [
        3,
        4,
        4,
        4,
        8,
        8,
        16,
        12,
        4,
        8,
        4,
        8,
        4,
        8
      ],
      "density": 4.222196691176471,
      "syncopation": 0.2179487179487181,
      "pulse": 2,
      "complexity": 38.33333333333333,
      "meter": "4/4",
      "pattern_type": "dense",
      "confidence": 0.26095171923245697,
      "context": {
        "start_time": 0.06965986394557823,
        "end_time": 3.622312925170068,
        "num_onsets": 15,
        "rhythmic_complexity": 1.0
      },
      "timestamp": 1762547416.5118191
    },
    {
      "pattern_id": "pattern_1",
      "duration_pattern": [
        8,
        4,
        4,
        12,
        4,
        8,
        8,
        4,
        8,
        4,
        4,
        4,
        4,
        4,
        8,
        6,
        8,
        8,
        4,
        8,
        4,
        8,
        4,
        4,
        8,
        4,
        12,
        8,
        4,
        8,
        4,
        4,
        4,
        4,
        4,
        4,
        2,
        4,
        6,
        6,
        4,
        4,
        12,
        4,
        4,
        12,
        12,
        4,
        8,
        8,
        4,
        4,
        3,
        4,
        4,
        4,
        4,
        4,
        12,
        2,
        2,
        1,
        4,
        4,
        8,
        4,
        8,
        4,
        4,
        4,
        8,
        8,
        4,
        12,
        8,
        4,
        8,
        4,
        4,
        4,
        4,
        4,
        6,
        4,
        1,
        6,
        6,
        8,
        12,
        3,
        1,
        8,
        4,
        3,
        4,
        8,
        4,
        8,
        8,
        4,
        4,
        3,
        4,
        4,
        4,
        4,
        4,
        6,
        3,
        4,
        3,
        8,
        8,
        4,
        4,
        4,
        4,
        4,
        4,
        4,
        4,
        8,
        4,
        12,
        8,
        4,
        8,
        4,
        4,
        4,
        4,
        4,
        8,
        4,
        8,
        4,
        4,
        4,
        4,
        4,
        4,
        4,
        8,
        4,
        4,
        12,
        4,
        8,
        8,
        4,
        8,
        4,
        4,
        4,
        4,
        4,
        4,
        8,
        4,
        8,
        6,
        3,
        4,
        4,
        3,
        3,
        4,
        4,
        4,
        4,
        4,
        3,
        4,
        4,
        8,
        4,
        3,
        4,
        4,
        4,
        4,
        4,
        4,
        4,
        4,
        8,
        4,
        8,
        4,
        3,
        4,
        4,
        8,
        3,
        1,
        4,
        4,
        8,
        12,
        2,
        4,
        8,
        8,
        4,
        8,
        4,
        4,
        3,
        4,
        4,
        8,
        4,
        2,
        8,
        8,
        4,
        8,
        4,
        4,
        4,
        4,
        4,
        8,
        4,
        12,
        8,
        4,
        8,
        4,
        4,
        4,
        3,
        4,
        4,
        3,
        4,
        4,
        8,
        4,
        4,
        4,
        8,
        4,
        8,
        4,
        4,
        12,
        4,
        8,
        8,
        4,
        4,
        3,
        4,
        4,
        4,
        4,
        4,
        12,
        4,
        8,
        8,
        4,
        3,
        6,
        3,
        4,
        4,
        4,
        4,
        8,
        4,
        12,
        8,
        4,
        8,
        4,
        4,
        4,
        4,
        4,
        6,
        2,
        4,
        4,
        8,
        4,
        4,
        4,
        8,
        4,
        4,
        8,
        4,
        12,
        4,
        16,
        4,
        4,
        3,
        4,
        4,
        3,
        4,
        4,
        12,
        4,
        8,
        4,
        4,
        4,
        8,
        4,
        4,
        4,
        4,
        4,
        6,
        2,
        4,
        12,
        8,
        4,
        8,
        4,
        4,
        4,
        4,
        4,
        8,
        4,
        12,
        6,
        1,
        4,
        8,
        4,
        16,
        8,
        4,
        4,
        8,
        4,
        3,
        4,
        4,
        4,
        4,
        4,
        4,
        4,
        4,
        6,
        8,
        4,
        8,
        8,
        4,
        6,
        3,
        3,
        4,
        4,
        4,
        4,
        12,
        12,
        8,
        4,
        8,
        4,
        4,
        4,
        4,
        4,
        4,
        2,
        4,
        4,
        4,
        2,
        4,
        4,
        4,
        4,
        4,
        4,
        4,
        4,
        8,
        4,
        4,
        8,
        18,
        16,
        8,
        8,
        6,
        4,
        2,
        16,
        4,
        24,
        6,
        16,
        3,
        12,
        4,
        4,
        8,
        8,
        8,
        12,
        4,
        12,
        4,
        16,
        12,
        4,
        12,
        18,
        12,
        8,
        8,
        6,
        18,
        16,
        16,
        24,
        6,
        4,
        16,
        16,
        3,
        8,
        8,
        8,
        4,
        6,
        4,
        8,
        8,
        4,
        12,
        12,
        18,
        24,
        4,
        16,
        4,
        12,
        4,
        4,
        4,
        4,
        4,
        4,
        4,
        4,
        4,
        6,
        8,
        4,
        4,
        4,
        18,
        1,
        6,
        18
      ],
      "density": 4.507060996993988,
      "syncopation": 0.25261865793787225,
      "pulse": 2,
      "complexity": 1201.333333333333,
      "meter": "4/4",
      "pattern_type": "dense",
      "confidence": 0.214059627606086,
      "context": {
        "start_time": 4.829750566893424,
        "end_time": 109.11056689342404,
        "num_onsets": 470,
        "rhythmic_complexity": 1.0
      },
      "timestamp": 1762547467.5220768
    },
    {
      "pattern_id": "pattern_2",
      "duration_pattern": [
        6,
        6,
        1,
        4,
        3,
        1,
        1,
        1,
        1,
        2,
        2,
        1,
        1,
        1,
        1,
        1,
        1,
        1,
        3,
        1,
        3,
        1,
        2,
        3,
        1,
        1,
        1,
        2,
        1,
        3,
        1,
        2,
        3,
        2,
        1,
        1,
        1,
        1,
        1,
        1,
        3,
        1,
        4,
        1,
        1,
        4,
        1,
        1,
        2,
        3,
        1,
        4,
        1,
        1,
        3,
        1
      ],
      "density": 4.16065280720339,
      "syncopation": 0.2793522267205503,
      "pulse": 3,
      "complexity": 46.33333333333333,
      "meter": "4/4",
      "pattern_type": "dense",
      "confidence": 0.19967736059056915,
      "context": {
        "start_time": 111.0378231292517,
        "end_time": 124.73759637188209,
        "num_onsets": 57,
        "rhythmic_complexity": 1.0
      },
      "timestamp": 1762547467.793937
    },
    {
      "pattern_id": "pattern_3",
      "duration_pattern": [
        4,
        2,
        3
      ],
      "density": 4.006177325581449,
      "syncopation": 0.317307692307695,
      "pulse": 3,
      "complexity": 5.666666666666666,
      "meter": "4/4",
      "pattern_type": "moderate",
      "confidence": 0.3848895937603171,
      "context": {
        "start_time": 129.6370068027211,
        "end_time": 130.6354648526077,